rule,input_version,authority,verdict,reason,source_ids,case_ids
R01,1.0.0,sap_interpretation,hält nur unter Bedingung,"C nur für tatsächlich internes, nicht anders nominiertes Objekt und unter dem ausdrücklich stipulierten Profil. Katalog- und releaseübergreifende Abwesenheit ist nicht aus einer einzelnen Suchfehlanzeige beweisbar.","S01,S19,S20","CC-001,CC-002,CC-007,CC-008,CC-057"
R02,1.0.0,sap_interpretation,hält,Nicht unterstütztes direktes SAP-Kerntabellenschreiben bleibt D; ADBC oder Native SQL ändern den Effekt nicht. Ein Lesenachfolger ist keine Schreib-API.,"S01,S10,S11","CC-023,CC-034,CC-035"
R03,1.0.0,sap_interpretation,hält nur unter Bedingung,"B im erklärten klassischen Bestandsscope, wenn die gesamte bewertete Abhängigkeits- und Technologiemenge geschlossen und zulässig ist. Nicht von einer sichtbaren eigenen Klasse auf eine unbekannte Implementierung schließen.","S01,S02","CC-003,CC-026,CC-060"
R04,1.0.0,sap_interpretation,hält,Getrennte Classic-/Cloud-Betrachtung ist im dokumentierten Overlap richtig. Beide Metadatenfelder erhalten; nicht in ein einziges Release-Label kollabieren.,S03,CC-004
R05,1.0.0,sap_interpretation,hält nur unter Bedingung,Der dokumentierte Bestands-/Deprecated-Kontext muss im Regelkopf benannt werden. Die bloße Zahl der Nachfolger legt kein Level fest; R05 ist kein genereller Ersatz für die Released-Lese-Regel R03.,"S01,S03",CC-058
R06,1.0.0,sap_semantics,hält,Statische Angabe per Literal/Konstante und syntaktisch dynamische Variable getrennt von der Datenflussauflösung führen. Keine Änderung gegenüber dem eingegrenzten CALL-FUNCTION-Vertrag.,S26,"CC-005,CC-006,CC-011,CC-044"
R07,1.0.0,sap_semantics,hält nur unter Bedingung,"Zielmenge nur bei vollständigem, pfad- und aliasbewusstem Datenfluss schließen. Vorbelegung, Namensmuster und nicht vollständig bekannte Aufrufer sind keine Singleton-Garantie.","S26,S27","CC-036,CC-037,CC-038,CC-041"
R08,1.0.0,sap_semantics,hält,"Kardinalität, Projektion und Prädikat-/NULL-Semantik erhalten. Die v2-Präzisierung des konkreten CC-008-Prädikats ist richtig; WHERE-Position allein reicht nicht.",S23,"CC-007,CC-008"
R09,1.0.0 plus v2-Präzisierung,sap_semantics,hält nur unter Bedingung,"FAE-Leerfortsetzungsschutz und fachlich sanfter Leerpfad trennen. ASSERT ohne ID kann die Fortsetzung wirksam verhindern, aber durch Dump. Die v2-Aussage, ASSERT sei überhaupt kein Guard, gilt nicht als allgemeine Semantik.","S13,S23",CC-002
R10,1.0.0,sap_interpretation,hält,D für als implizite SAP-Erweiterung belegten Eingriff. Nicht auf jeden klassischen Exit oder Enhancement-Marker ausweiten; dafür trägt R10 keine Aussage.,S01,"CC-010,CC-053"
R11,1.0.0,sap_interpretation,hält,"Dynpro allein begründet kein D. Ereignis-, Screen- und GUI-Metadaten sind für Rekonstruktion notwendig; Cloud-Rehosting und klassisches Level getrennt halten.",S01,"CC-013,CC-014"
R12,1.0.0,corpus_policy,hält nur unter Bedingung,"Unknown ist für den fehlenden konkreten Freigabebeleg zulässig. Ist eine Technologie oder ein Objekt ausdrücklich unsupported/noAPI, darf generelle Unkenntnis diese negative Evidenz nicht verdrängen. Konvention, keine pauschale SAP-Kernelklassifikation.",S01,CC-015
R13a,2.0.0,sap_semantics,hält nicht,Der Ausschluss ganzer Stringtemplates ohne späteren Konsumenten ist zu weit. Eingebettete funktionale Methodenaufrufe werden bereits bei Auswertung des Templates ausgeführt und können Seiteneffekte haben. Nur Textsegmente sind inert.,S12,"CC-016,CC-034"
R13b,2.0.0,sap_semantics,hält nur unter Bedingung,"Konsumentenbezogene Interpretation ist richtig. Quellsprachenausdrücke, SQL-Text, Identifier und gebundene Parameter müssen getrennt bleiben. Ein Literal mit beliebigem Konsumenten ist nicht automatisch ausführbarer Code oder Injektion.","S10,S11,S12","CC-034,CC-035,CC-039,CC-054"
R14,1.0.0,sap_semantics,hält,"Dispatch, super-Aufruf und fehlende Vorfahren getrennt zu führen bleibt richtig. Diese Regel wird als semantisches Prinzip bestätigt, nicht als Prüfung jeder OO-Fixture-Implementierung.",S27,"CC-017,CC-018,CC-041"
R15,1.0.0,sap_interpretation,hält nur unter Bedingung,"RTTS-Freigabe, dynamisch bezeichnete Typen und Klassensprache jeweils prüfen. Freigabe eines Deskriptors ist keine Freigabe jedes damit erreichbaren Typs.","S02,S19","CC-019,CC-020"
R16,1.0.0,corpus_policy,hält,"Fehlende Customer-/Partnerimplementierung führt zu Unvollständigkeit, nicht zu erfundenem SAP-internem C. Bekannte Evidenz und Gesamturteil getrennt zu halten ist die richtige Korpuskonvention.",S01,"CC-012,CC-018,CC-021,CC-022,CC-026,CC-027"
R17,1.0.0,sap_metadata,hält,"TADIR- und spezifische Objektidentität sowie Nachfolgerliste erhalten; unbekannt, leer und nicht erhoben unterscheiden. Ein Katalogverweis ist kein Beleg für Drop-in-Kompatibilität.","S19,S21","CC-023,CC-034,CC-035,CC-057,CC-058"
R18,1.0.0,corpus_policy,hält,"Fachsätze müssen vom angegebenen Scope und vollständigen Guard-Kontext getragen werden. Statusausgabe ist nicht gleich Geschäftsereignis; die Regel ist richtig, wird aber in mehreren v2-Sollsätzen verletzt.","S09,S10","CC-023,CC-026,CC-027,CC-028,CC-034,CC-035,CC-060"
R19,1.0.0,corpus_policy,hält nur unter Bedingung,"Kontroll- und Abbruchpfade sind richtig gefordert. Abstraktionsgrenze, ausgelassene allgemeine Exceptions und Rückkehr aus opaken Aufrufen müssen explizit sein; nicht jede ausgelassene Sprachoperation ist ein Fehler.","S06,S07","CC-026,CC-034,CC-035,CC-060"
R20,1.0.0,corpus_policy,hält,Eigene Persistenz begründet keine automatische CAP-/BTP-Pflicht. Dies ist eine sinnvolle Architekturkonvention; konkrete Zielplattformfähigkeit ist separat nachzuweisen.,S02,"CC-024,CC-038"
R21,1.0.0,corpus_policy,hält,Nicht gemessene Stunden bleiben Annahmen; Istwerte null. Der Satz bleibt unabhängig vom technischen Review gültig und liefert ausdrücklich keinen Aufwand-Accuracy-Score.,Korpuskonvention,CC-001–CC-060
R22,1.0.0,corpus_policy,hält,"Exakte Quell-, Kontext-, Regel- und Sollversionen sind nötig. Änderungen erzeugen einen Reviewbedarf. Hashes belegen Integrität, nicht fachliche Wahrheit; noch fehlende Kontexthashes sind eine Umsetzungslücke.",S19,CC-001–CC-060
R23,1.0.0,sap_semantics,hält,"Grenzwerte, Währung und vorgelagerte Abbrüche müssen in Fachsätzen erhalten bleiben. Auch ein korrektes numerisches Prädikat liefert ohne Währung keine EUR-Aussage.",S12,"CC-025,CC-053,CC-060"
R24,1.0.0,sap_semantics,hält,GET/CALL BADI allein beweist keine konkrete aktive Einzelimplementierung. Die Bindungsmetadaten bleiben eigenständige Evidenz; keine universelle Herabstufung klassischer BAdIs.,"S01,S28","CC-009,CC-010"
R25,2.0.0,sap_semantics,hält nicht,"SAP-LUW, Datenbank-LUW, Verbuchungsanstoß, Ausführungsmodus und bestätigte Persistenz werden vermischt. Nicht jeder Programm-/Screenaufruf committet; DB-Commit ist kein automatisches COMMIT WORK. Registrierung ohne Anstoß ist nicht gleich vollständige Wirkungslosigkeit.","S05,S06,S07,S08,S09,S24","CC-026,CC-027,CC-028,CC-030,CC-031,CC-032,CC-033,CC-055,CC-056"
R26,2.0.0,corpus_policy,hält nicht,"Ein möglicher Worst Case darf nicht known_worst heißen. Dynamisches WHERE verändert nicht automatisch die bekannte FROM-Zielmenge. Unbekannt, beobachtet und vorsorgliche Obergrenze sind drei unterschiedliche Aussagen.","S01,S10","CC-037,CC-038"
R27,2.0.0,corpus_policy,hält nur unter Bedingung,"Statementanker plus Offset ist sinnvoll, aber Tokenisierung muss normiert werden. Kettenelement, Makroexpansionspfad und Ausdrucksarm brauchen zusätzliche IDs; eine Makroaufrufstelle kann mehrere Wirkungsstellen enthalten.",Korpuskonvention,"CC-007,CC-008,CC-042,CC-043,CC-044,CC-060"
R28,2.0.0,corpus_policy,hält nicht,"Die separate Sicherheitsachse ist richtig, die pauschalen Befunde sind es nicht: CLIENT SPECIFIED erlaubt expliziten Mandantenfilter; LOCAL MODE kann bestimmungsgemäß sein; gebundene Eingabe ist keine Textinjektion; gespeicherter sy-subrc kann später wirksam geprüft werden. Verbot und Nachfolger sind verschiedene Felder.","S10,S11,S14,S17,S18","CC-034,CC-035,CC-038,CC-049,CC-050,CC-051,CC-052,CC-059"
R29,2.0.0,sap_interpretation,hält nur unter Bedingung,Typreferenzen sind eigenständige DDIC-Abhängigkeiten; ein Lese-CDS ist kein mechanischer Typersatz. Level erst nach Objekt-/Release-/Nominationkontext; NODES/GET brauchen zusätzlich LDB-Bindung.,"S01,S16,S19","CC-045,CC-047,CC-053"
R30,2.0.0,corpus_policy,hält nur unter Bedingung,"C1 kann eine zulässige Konsumentengrenze bilden. Dafür Zustand, Vertrag, Usage Visibility, Sprachversionen und Signatur prüfen. Komponentenlevel und Gesamt-/transitiver Scope dürfen nicht unter derselben Levelspalte unterschiedlich aggregiert werden.","S01,S02,S04",CC-060
R31,2.0.0,corpus_policy,hält,"Quelle plus explizites Zielprofil ist gegenüber einer Code-only-Antwort richtig. Der Schlüssel muss um bewerteten Scope und objektbezogene Sprach-/Freigabemetadaten ergänzt werden. Profilpaare dürfen mehrere Dimensionen wechseln, dann aber keine Ein-Faktor-Kausalität behaupten.","S02,S19","CC-057,CC-058,CC-059,CC-060"
R32,2.0.0,sap_semantics,hält nicht,"Namen und Marker liefern Hinweise, nicht das Level D. Klassische nominierte Userexits/BAdIs können B sein; explizite, implizite und echte Modifikationen unterscheiden. Source-Bytes allein identifizieren ein Include nicht als MV45AFZZ.","S01,S20,S25","CC-010,CC-053,CC-054"
R33,2.0.0,sap_semantics,hält nur unter Bedingung,Ereignisorientierung und kontextabhängiges CHECK sind richtig. Reportereignisse sind kein stets vollständig durchlaufener linearer Ablauf; GET/CHECK kann den LDB-Unterbaum unterdrücken. Ereignisbedingungen und Wiedereintritte gehören zum Vertrag.,S16,"CC-046,CC-047,CC-048"
R34,2.0.0,corpus_policy,hält nicht,"An einer opaken Grenze endet die Kenntnis der internen Logik, nicht zwingend der Kontrollfluss des Aufrufers. AND RETURN, synchrone Rückkehr und asynchrone Fortsetzung sind zu erhalten; Transaktionseffekte separat nach korrigiertem R25. CC-056 zeigt selbst eine Rückkehrkante; die Korpusinstanz ist an dieser Stelle präziser als der pauschale Regelwortlaut.","S06,S07,S24","CC-031,CC-032,CC-055,CC-056"
